Model,RMSE,R2,MAE,Time_s
Lasso,0.862865408902493,0.853282775488783,0.590726518633839,0.0342147
Linear,0.863830545634477,0.852954378095781,0.591994876792567,0.5601233
Ridge,0.881833184681079,0.846761511178939,0.59692284497017,0.3017217
RandomForest,0.910056243811244,0.836795754541297,0.640599444275715,0.3403494
Ensemble,1.06565934351126,0.776214584768792,0.821034071798189,0.3521504
SVM,1.0662207545961,0.775978733214155,0.671406716164766,0.1419678
Tree,1.35522892799993,0.638073559821125,1.08016530687373,0.1103566
